Dataset,Noise,Depth,Constant Value Bounds,X,f(X),Residual Correlation,Prediction Correlation
Friedman 1,True,3,unfixed,0.3482792447497358,56.76601218905113,0.9689140351569823,0.986725088475194
Friedman 1,True,100,unfixed,0.14152082197057494,6.66462426554796,0.9977412621053888,0.9974816636507806
Friedman 2,True,3,unfixed,2.997559812283164,6727429.238917052,0.6054739306056665,0.6149972174379893
Friedman 2,True,100,unfixed,3.2965379273283295,6691669.557537309,0.6079494918424185,0.6101117662874157
Friedman 3,True,3,unfixed,11.860711422832935,3.723746086721475,0.686269743534967,0.8412634501923334
Friedman 3,True,100,unfixed,11.609028128378808,3.667054880011477,0.6905302202960205,0.8347396334728033
