Dataset,Noise,Depth,Constant Value Bounds,X,f(X),Residual Correlation,Prediction Correlation
Friedman 1,True,3,unfixed,0.3340445845709723,64.55864457122838,0.9651016651900897,0.9854020504874321
Friedman 1,True,100,unfixed,0.1414779368638527,6.968269759121205,0.9976282902523449,0.9974776464720642
Friedman 2,True,3,unfixed,79.11296140546379,6846086.96325763,0.5916975170200637,0.6215502577732696
Friedman 2,True,100,unfixed,243.53775864798263,6897754.025317871,0.5935414616537583,0.6128100036655244
Friedman 3,True,3,unfixed,67456.21545101331,4.108009463635271,0.6640869811367416,0.8307178363851788
Friedman 3,True,100,unfixed,48083.50872141019,3.9237581998910347,0.6630713910712652,0.8287473045663467
